No,タイトル,一言紹介文,短縮URL
1,コンサル一年目が学ぶこと 新人・就活生からベテランまで一生役立つ究極のベーシックスキル30選,「仕事の基本がわからない」と悩む方に、外資系コンサル出身著者が30の普遍スキルを体系的に伝授します。,https://tinyurl.com/2bd2x9ko
2,なぜ、あなたの仕事は終わらないのか スピードは最強の武器である,「終わらない仕事」でストレスを感じる人に、世界を変えた設計者が教えるスピード仕事術を紹介します。,https://tinyurl.com/28bok7x9
3,仕事が速いのにミスしない人は、何をしているのか？,「ミスやすい」「ミスを減らしたい」と思うあなたに、効率と精度を両立する具体的な工夫が満載です。,https://tinyurl.com/2bohez4n
4,ひとりビジネスの教科書 Premium 自宅起業でお金と自由を手に入れて成功する方法,「副業を始めたいけど何から？」という方に、自宅起業の始め方とマネタイズ法をやさしく指南します。,https://tinyurl.com/2d4rae92
5,AIと伝わる力: “使える側”になった私の方法,「AIに興味あるけど活用法がわからない」人に、実践的な事例を通じてAIをビジネスで使いこなす方法を解説します。,https://tinyurl.com/26mb3opk
6,リーダー１年目のマネジメント大全,「部下をどう導けば…」と迷う1年目リーダーに、部下育成とチーム運営の基本を一冊で学べる構成です。,https://tinyurl.com/2bb7t5qm
7,ムダがなくなり、すべてがうまくいく 本当の時間術,「時間に追われる毎日」に悩む人に、ムダを見つけて削ぎ落とす時間管理術を実演的に伝えます。,https://tinyurl.com/22lsmsgq
8,最高の体調 進化医学のアプローチで、過去最高のコンディションを実現する方法,「疲れやすい、集中できない」と悩む人向けに、科学的根拠に基づき体調管理とパフォーマンス向上法を指南します。,https://tinyurl.com/2a3v26o3
9,書く習慣 自分と人生が変わるいちばん大切な文章力,「文章が苦手…」と感じる人に、書く習慣を身につけて自己表現力と思考の整理力を高める方法を伝授します。,https://tinyurl.com/29eldvqt
10,思考の質を高める 構造を読み解く力,「複雑な情報に惑わされがち」な人に、論理的に思考するためのフレームを身につける一冊です。,https://tinyurl.com/27ednh5w
11,なぜ働いていると本が読めなくなるのか,「仕事で読書時間が取れない」と嘆く人に、労働と読書の歴史から“半身で働く”新しい働き方の処方箋を提示します。,https://tinyurl.com/22por5cg
12,物語思考 「やりたいこと」が見つからなくて悩む人のキャリア設計術,「やりたいことが見つからない」と感じる人に、自分を主人公視点で捉える“物語思考”で行動マップを描く手順を教えます。,https://tinyurl.com/2cl4cthg
13,生成AIで世界はこう変わる (SB新書),「AIが仕事を奪う？」と不安な人に、生成AIの最新事例と応用法から未来の働き方のヒントを提供します。,https://tinyurl.com/25lga6xl
14,経営戦略全史,「戦略って何？」と根本を押さえたい人に、100年分の戦略理論を体系的に紐解き、実践に即した構想力を与えます。,https://tinyurl.com/2c4rqzm2
15,ストーリーとしての競争戦略,「戦略をストーリー化できない」と悩む人に、自社の強みを“語る”戦略へ導く手法を解説します。,https://tinyurl.com/27e3uxqv
16,図解 コンサル一年目が学ぶこと,「基礎だけど頭に入らない」と困る人に、50のコンサルスキルを図解で整理し直感的に理解できる構成です。,https://tinyurl.com/27udgbmc
17,言語化力 言葉にできれば人生は変わる,「言いたいことがまとまらない」と悩む人に、言葉を武器に思考と自己価値を明確化する技術を伝えます。,https://tinyurl.com/26zd2xpf
18,チャートで考えればうまくいく,「話が要領よくまとまらない」と困る人に、7つのチャートで論旨を視覚化できる表現力を習得させます。,https://tinyurl.com/2abzwepy
19,「いい質問」が人を動かす,「質問が雑で伝わらない」と悩む人に、究極の質問法を通じて相手の心を動かす会話テクニックを教えます。,https://tinyurl.com/2djoo4j8
20,プロジェクトマネジメントの基本が全部わかる本,「PMの基礎がわからない」と不安な人に、タスク設計から契約まで広く網羅した実戦型PM入門書です。,https://tinyurl.com/23cj4xbu
21,ゼロ秒思考 頭がよくなる世界一シンプルなトレーニング,「考えがまとまらない」と感じる人に、紙とペンだけで瞬時に思考を整理するメソッドを伝授します。,https://tinyurl.com/22wnng3c
22,LIFE SHIFT(ライフ・シフト) 100年時代の人生戦略,「これからのキャリアが不安」な人に、100年時代を見据えた柔軟な生き方・働き方のフレームを提案します。,https://tinyurl.com/247ema8e
23,やり抜く人の9つの習慣 コロンビア大学の成功の科学,「三日坊主で続かない」と悩む人に、行動科学にもとづいた続ける力の育て方を解説します。,https://tinyurl.com/2a975pbc
24,影響力の武器 なぜ、人は動かされるのか,「人を説得できない」と感じる人に、心理学的根拠に基づいた“動かす技術”を学べる名著です。,https://tinyurl.com/27k26j3m
25,頭に来てもアホとは戦うな！,「職場の人間関係がしんどい」と感じる人に、ストレスを溜めない“戦わない戦略”を教えます。,https://tinyurl.com/2b48y4h2
26,自分の小さな「箱」から脱出する方法,「職場でイライラが募る」人に、視点の切り替えで人間関係のストレスを劇的に軽減する方法を示します。,https://tinyurl.com/2ahh9xyp
27,超 筋トレが最強のソリューションである,「メンタルが弱い」と感じる人に、科学的に証明された“筋トレ＝最強の自己改善”を説きます。,https://tinyurl.com/2accgq4v
28,USJを劇的に変えた、たった1つの考え方,「売上や成果が伸びない」と悩む人に、“戦略的思考”で組織を動かす方法を学べる実例書です。,https://tinyurl.com/29zjakel
29,やさしさを忘れぬうちに,「毎日に疲れて余裕がない」と感じる人に、働く人の心をそっと整える優しいエッセイ集です。,https://tinyurl.com/2bzjvlya
30,武器としての決断思考,「優柔不断で迷いやすい」人に、迷いを減らし確信をもって選ぶための決断の技術を教えてくれます。,https://tinyurl.com/2cbapmzd
31,まんがでわかる 7つの習慣,「自己管理が苦手」と感じる人に、世界的名著をマンガでやさしく理解できる自己変革の第一歩を示します。,https://tinyurl.com/2ctp38q8
32,思考は現実化する,「夢を現実にできない」と悩む人に、成功者たちの思考法と習慣から目標達成の本質を学べます。,https://tinyurl.com/28f4raye
33,1日1話、読めば心が熱くなる365人の仕事の教科書,「やる気が続かない」と悩む人に、一流の名言とストーリーで日々のモチベーションを高めてくれます。,https://tinyurl.com/2d9kgqyq
34,イシューからはじめよ,「本質が見えない仕事に疲れた」人に、成果を出すための“論点設定力”の大切さを叩き込む一冊です。,https://tinyurl.com/26xsqgel
35,苦しかったときの話をしようか,「就職・将来が不安」と感じる学生・若手社会人に、働く意味と成長の捉え方を語る実録型エール本です。,https://tinyurl.com/26cxkkd8
36,Think clearly,「頭がごちゃごちゃする」と感じる人に、非合理な思考習慣を見直す52のヒントを届けてくれます。,https://tinyurl.com/2bz292en
37,人生の勝算,「自分の強みがわからない」と悩む人に、SHOWROOM前田裕二氏の原体験から行動と思考の指針を学べます。,https://tinyurl.com/26uev6l3
38,メモの魔力,「情報を活かせない」と悩む人に、日常の気づきを自己分析と行動に変える“メモ術”を教えてくれます。,https://tinyurl.com/2bx23b9b
39,スタンフォード式 最高の睡眠,「寝ても疲れが取れない」と悩む人に、脳科学に基づいた“質の高い睡眠”のとり方を学べる良書です。,https://tinyurl.com/294w53z8
40,本音で生きる 一秒も後悔しない強い生き方,「他人の目が気になる」と感じる人に、自分らしく選ぶ勇気をくれる、堀江貴文の生き方指南書です。,https://tinyurl.com/26wqotyp
41,アウトプット大全,「勉強しても身につかない」と悩む人に、知識を行動に変える“アウトプット重視”の学習法を指南します。,https://tinyurl.com/24ll9ogg
42,インプット大全,「知識が広がらない」と感じる人に、情報の集め方と活かし方を網羅的に学べる一冊です。,https://tinyurl.com/28hr84xf
43,1分で話せ,「プレゼンが伝わらない」と悩む人に、シンプルに心を動かす話し方のコツを教えてくれます。,https://tinyurl.com/24gumcm5
44,伝え方が9割,「言い方一つで損してる」と感じる人に、YESを引き出す言葉の選び方を実例で学べます。,https://tinyurl.com/2yz8qv4n
45,自分を操る超集中力,「集中できない」と悩む人に、脳科学に基づいた集中力の高め方と習慣術を伝えます。,https://tinyurl.com/2cnv7jtm
46,LIMITLESS 超加速学習,「もっと効率よく学びたい」人に、記憶・集中・習慣の限界を超える学習法を紹介します。,https://tinyurl.com/26m5o4qo
47,マインドセット「やればできる！」の研究,「自信が持てない」人に、成功に導く“成長思考”の大切さと身につけ方を教える研究書です。,https://tinyurl.com/2xkrchq9
48,自己肯定感の教科書,「自分に価値を感じられない」と悩む人に、自信と前向きさを育てる心理的な実践アプローチを紹介します。,https://tinyurl.com/24u9t9l9
49,反応しない練習,「感情に振り回される」と悩む人に、仏教的視点から心を整える実践的方法を伝えます。,https://tinyurl.com/24fgqvyz
50,習慣が10割,「続けられない自分が嫌」と悩む人に、小さな習慣が人生を変えることを教えてくれる一冊です。,https://tinyurl.com/24u2qsky
51,ポジティブ・インテリジェンス,「ネガティブ思考が止まらない」と感じる人に、内なる批判者を静める“心の筋トレ”法を伝授します。,https://tinyurl.com/28e8lexe
52,モチベーション革命,「若手と価値観が合わない」と感じる上司や同僚に、新世代のやる気の源泉をわかりやすく解説します。,https://tinyurl.com/22e6oc7e
53,やりたいことの見つけ方,「本当にやりたいことがわからない」と悩む人に、内面と向き合うための問いとワークを提示します。,https://tinyurl.com/2y4lle8a
54,20歳の自分に受けさせたい文章講義,「文章が伝わらない」と悩む人に、構成と語りの基本をやさしく解説した名著です。,https://tinyurl.com/2autfuxt
55,武器としての交渉思考,「相手に丸め込まれてしまう」と感じる人に、交渉で主導権を握るための思考法と実践例を学べます。,https://tinyurl.com/23k3j2ze
56,超雑談力,「初対面の会話が苦手」と感じる人に、雑談で関係性を築くコツとネタをわかりやすく紹介します。,https://tinyurl.com/289xbgjg
57,言ってはいけない 残酷すぎる真実,「なぜ人は差別するのか？」と疑問に思う人に、遺伝と統計から社会の裏側を科学する挑戦的論考です。,https://tinyurl.com/2y9c8q2l
58,エフォートレス思考,「頑張ってるのに成果が出ない」と悩む人に、最小の努力で最大の効果を出す方法を提案します。,https://tinyurl.com/24fkblzm
59,成功者3000人の言葉,「自分を奮い立たせたい」と思う人に、一流たちの名言から行動のきっかけをもらえる一冊です。,https://tinyurl.com/2dbrtj2a
60,「いつも忙しい」がなくなる心の習慣,「時間に追われて余裕がない」と感じる人に、心の持ち方を整えて“ゆとり”を取り戻す習慣を教えます。,https://tinyurl.com/2cz8prd8
61,自分の中に毒を持て,「人と同じ生き方に違和感がある」人に、岡本太郎が放つ“自分を生きる”ための刺激的提言が詰まっています。,https://tinyurl.com/2caw9c4x
62,限りある時間の使い方,「忙しすぎて本当に大事なことができない」と感じる人に、有限な人生をどう充実させるかを考える哲学的指南書です。,https://tinyurl.com/2ajhjcyy
63,人生の短さについて,「人生の意味や時間の価値に悩む」人に、ローマ哲学者セネカが綴る時間の使い方の本質を教えます。,https://tinyurl.com/2c8znav9
64,フランス人は10着しか服を持たない,「持ち物が多くて疲れる」と感じる人に、生活と心を整えるミニマルな美意識を学べる一冊です。,https://tinyurl.com/2bzdpct3
65,頭のいい人が話す前に考えていること,「話がまとまらない」と悩む人に、論理的に考え伝えるための“話し方の設計術”を学べます。,https://tinyurl.com/27m7rxc4
66,メンタルモンスターになろう！,「すぐ落ち込んでしまう」人に、逆境にも負けないメンタルを育てる思考と習慣を紹介します。,https://tinyurl.com/24adr2tq
67,世界のエリートはなぜ「美意識」を鍛えるのか？,「正解のない時代にどう判断すればいい？」と悩む人に、美意識を意思決定の武器にする思考法を解説します。,https://tinyurl.com/22fhv96v
68,自己肯定感低めの人のための本,「どうせ自分なんて…」と思いがちな人に、ありのままを受け入れるやさしいヒントが詰まった実用書です。,https://tinyurl.com/26mxe2hz
69,超習慣術,「続けたいことが3日坊主で終わる」と悩む人に、習慣化の原則と“コツコツの科学”を学べる内容です。,https://tinyurl.com/23mdkd7y
70,悩みどころと逃げどころ,「人生の選択に悩んでばかりいる」人に、自分なりの“軸”と向き合う哲学的視点をやさしく届ける本です。,https://tinyurl.com/2dxhpcrh
71,自分の意見で生きていこう,「人の顔色ばかり伺ってしまう」人に、自分らしく生きるための考え方と行動のヒントが詰まった一冊です。,https://tinyurl.com/2buhdugq
72,時間術大全,「時間が足りない」と感じる人に、科学的に証明された効率的な時間管理術を実践的に紹介します。,https://tinyurl.com/2xq4eqw9
73,リーダーの仮面,「部下にどう向き合えばいいかわからない」人に、優しさではなく“信頼される厳しさ”を学べるリーダー論です。,https://tinyurl.com/2xlrwa7e
74,世界一やさしい「やりたいこと」の見つけ方,「将来が不安で何を目指せばいいかわからない」人に、自己分析でやりたいことを見つける手順を教えてくれます。,https://tinyurl.com/2y4lle8a
75,心に折り合いをつけて うまいことやる習慣,「がんばりすぎて苦しい」人に、仏教の視点から“ちょうどいい距離感”を保つ習慣を教えてくれます。,https://tinyurl.com/236lnkv7
76,トップ5%社員の習慣,「成果が出せず伸び悩む」人に、AIが分析した一流社員の具体的な思考・行動パターンを紹介します。,https://tinyurl.com/2yx6ss79
77,ジェイソン流 お金の増やし方,「お金が貯まらない」と感じる人に、お笑い芸人ジェイソンの堅実かつシンプルな資産形成術を学べます。,https://tinyurl.com/28znexyf
78,人生がときめく片づけの魔法,「部屋も気持ちも散らかっている」と感じる人に、モノと心を整える“片づけの力”を教えてくれる一冊です。,https://tinyurl.com/28hxgftq
79,東大卒プロゲーマー 論理は結局、情熱にかなわない,「論理では勝てない」と感じる人に、情熱がすべてを凌駕する実体験から行動のヒントをもらえます。,https://tinyurl.com/2c9b46od
80,GRIT やり抜く力,「すぐ諦めてしまう」人に、成功者の共通点“やり抜く力”の育て方と科学的裏付けを解説します。,https://tinyurl.com/2d6pzk2r
81,マンガでやさしくわかるファイナンス,「数字が苦手で経営が不安」な人に、ストーリー形式でファイナンスの基本を学べる入門書です。,https://tinyurl.com/2dplyyd5
82,超トーク力 心を操る話し方の科学,「話が盛り上がらない」と悩む人に、脳科学と心理学に基づく“相手の心を動かす会話術”を学べます。,https://tinyurl.com/25mwjszj
83,運転者 未来を変える過去からの使者,「今の自分に自信が持てない」人に、人生を前向きに捉え直すための物語形式の自己啓発書です。,https://tinyurl.com/2bchu2gn
84,夢をかなえるゾウ,「自分を変えたいけど動けない」人に、笑って学べるインドの神様との実践型自己改革ストーリーです。,https://tinyurl.com/27ugqpfo
85,プロの資料作成力,「資料がわかりづらい」と言われる人に、構成・デザイン・伝え方のプロが教えるスライド作成術を伝授します。,https://tinyurl.com/2ak87t23
86,本当に頭がよくなる 世界最高の子ども英語,「英語教育に悩む親御さん」に、子どもと一緒に英語力を育てる具体的なメソッドを紹介します。,https://tinyurl.com/299h83cl
87,人生は、運よりも実力よりも「勘違いさせる力」で決まっている,「実力があるのに評価されない」と感じる人に、“錯覚資産”で成功する方法をユニークに解説します。,https://tinyurl.com/2cw8wnpb
88,多動力,「あれこれ手を出して落ち着かない」と悩む人に、複数の仕事を同時に回す“現代型才能”の活かし方を教えます。,https://tinyurl.com/2ykyrjbw
89,バカとつき合うな,「無駄な人間関係に疲れる」人に、不要な縁を切って自由に生きる覚悟を与える刺激的な一冊です。,https://tinyurl.com/2ymknmqt
90,やりたいことだけやって生きていく,「仕事がつまらない」と感じる人に、自分の好きを軸に生きるための思考と選択を提案します。,https://tinyurl.com/25nve97m
91,図解 モチベーション大百科,「やる気が出ない」と悩む人に、シーン別に使える行動心理学ベースのモチベーションテクニックを紹介します。,https://tinyurl.com/24h9rj8r
92,苦手な人を思い通りに動かす,「人間関係でストレスがたまる」人に、相手のタイプに合わせた接し方でストレスを減らす方法を教えます。,https://tinyurl.com/28669ggz
93,メンタルダウンからの復活,「心が折れそう」と感じている人に、メンタルを立て直すための体験的アプローチを届けます。,https://tinyurl.com/29du8alk
94,仕事は楽しいかね？,「今の仕事にやりがいを感じない」人に、偶然や挑戦を大切にする働き方を問いかける1冊です。,https://tinyurl.com/275fwbre
95,本当に頭がいい人の思考習慣,「考えが浅いと言われる」人に、論理と直感を融合させる思考の磨き方を伝える良書です。,https://tinyurl.com/25v65cos
96,なまけもの時間術,「時間に追われて疲れる」人に、なまけ者でも実践できる時間管理の逆転発想を提案します。,https://tinyurl.com/256optf7
97,エッセンシャル思考 最少の時間で成果を最大にする,「やることが多すぎてパンクしそう」な人に、“本当に重要なこと”に集中する思考法を教えてくれます。,https://tinyurl.com/2yhsaw7g
98,ブレイン・ルール,「脳の仕組みをもっと知りたい」と感じる人に、記憶や集中力などの科学的な脳活用法を伝えます。,https://tinyurl.com/26qmuvp3
99,感情的にならない気持ちの整理術,「ついイライラしてしまう」人に、感情の扱い方と冷静さを保つための実践テクニックを教えます。,https://tinyurl.com/246383z5
100,科学的に自分を思い通りに動かす セルフコントロール大全,「やる気が続かない」と悩む人に、最新の心理学を使って行動をコントロールする方法を解説します。,https://tinyurl.com/24tmatmr
101,習慣の力 The Power of Habit,「悪い習慣がやめられない」と感じる人に、習慣の仕組みを理解し、良い習慣に変える手法を伝えます。,https://tinyurl.com/23cv96vj
102,バレットジャーナル 人生を変えるノート術,「毎日がバタバタで整理できない」人に、頭と行動を一冊で整える手帳術をわかりやすく紹介します。,https://tinyurl.com/2aqa24sv
103,図解でわかる 7つの習慣,「7つの習慣は難しそう」と感じる人に、図解でやさしく学べる実践型リーダーシップ入門書です。,https://tinyurl.com/2454dmt2
104,やる気に頼らず「すぐやる人」になる37のコツ,「先延ばしグセが直らない」と悩む人に、気持ちより仕組みで動ける方法を具体的に紹介します。,https://tinyurl.com/24g97qrm
105,人生の教養が身につく名言集,「心が疲れた」と感じる人に、偉人たちの言葉から前向きな力をもらえる読みやすい名言集です。,https://tinyurl.com/25h4sxpw
106,直感と論理をつなぐ思考法,ロジックだけでは通用しない現代に。創造的判断力を磨く思考トレーニングを紹介します。,https://tinyurl.com/2c4w5dcy
107,一度読んだら絶対に忘れない世界史の教科書,「歴史が苦手で覚えられない」と悩む人に、流れとストーリーで理解できる記憶に残る歴史学習法を伝授します。,https://tinyurl.com/2xhaatrz
108,一度読んだら絶対に忘れない日本史の教科書,「日本史が点でしかわからない」と感じる人に、流れでつかむ構成で記憶に定着しやすい内容になっています。,https://tinyurl.com/224fzd5m
109,20代にしておきたい17のこと,「将来が漠然と不安」と感じる若手に、自分の可能性と選択肢を広げる17の実践的なヒントを届けます。,https://tinyurl.com/2y4y3y9s
110,バナナの魅力を100文字で伝えてください,「言いたいことが伝わらない」と悩む人に、短く魅力を伝える言語化・要約力を鍛える実践本です。,https://tinyurl.com/26r7khbn
111,TOEIC L&R TEST 出る単特急 金のフレーズ,「TOEICで点が伸びない」と悩む人に、頻出フレーズだけを凝縮したスコアアップの定番書です。,https://tinyurl.com/29ub8hu6
112,外資系コンサルのスライド作成術,「伝わる資料が作れない」と悩む人に、論理的で洗練されたスライド作成のノウハウを提供します。,https://tinyurl.com/23gzl8nm
113,脳が冴える15の習慣,「ぼんやりして集中できない」あなたに。脳のパフォーマンスを高める毎日の工夫を教えます。,https://tinyurl.com/2cbbjqo8
114,自分を変える習慣力,「変わりたいのに続かない」と感じる人に、習慣化の心理学と行動の仕組みを解説した実践書です。,https://tinyurl.com/23qexrer
115,なぜ僕らは働くのか,「働く意味が見つからない」と感じる若者に、人生と仕事のつながりをやさしく教えてくれる本です。,https://tinyurl.com/2dmxlwl2
116,バカの壁,「対話がうまくいかない」と悩む人に、思い込みの壁を超えて他人と理解し合うヒントを提供します。,https://tinyurl.com/2xjoq3ta
117,精神科医が見つけた3つの幸福,「幸せが実感できない」と感じる人に、科学的に幸せを感じやすくする方法を紹介します。,https://tinyurl.com/2ccj3p62
118,最高の集中術,スマホに気を取られがちなあなたに。集中力を最短で発揮する方法を解説します。,https://tinyurl.com/264ov99s
119,雑談の一流、二流、三流,会話が続かず気まずい人間関係に悩む方へ。相手の心を開く雑談の極意がわかります。,https://tinyurl.com/29unly7k
120,13歳からの地政学,「国際情勢がわからない」と悩む人に、地理・歴史・政治が交差する“地政学”の基本を学べます。,https://tinyurl.com/23q3dmtf
121,知識を操る超読書術,「読んでも頭に入らない」と悩む人に、読書をアウトプットにつなげる実践的な読み方を教えてくれます。,https://tinyurl.com/2clyh25l
122,運の方程式,「ツキに恵まれない」と感じる人に、運を引き寄せる行動と思考の習慣を論理的に解説します。,https://tinyurl.com/2dgb774l
123,聞く力 心をひらく35のヒント,「相手の本音が引き出せない」と悩む人に、傾聴の力と信頼関係を築くコツを教えてくれます。,https://tinyurl.com/2yr54qgx
124,書く習慣が人生を変える,アウトプットが苦手な人に。書くことから始める行動と変化の起点を提案します。,https://tinyurl.com/2yvump2w
125,考える練習帳,「思考がまとまらない…」と感じるあなたへ。日常の選択に迷わない頭の使い方が学べます。,https://tinyurl.com/28f9sxtm
126,気にしない練習,「人の目が気になってしまう」人に、仏教心理学で不安を和らげる実践的方法を伝えます。,https://tinyurl.com/28zlebzl
127,気にしない習慣,人の言動に一喜一憂して疲れたあなたに。気持ちを軽くするための思考法と視点を伝授します。,https://tinyurl.com/2dq23rpf
128,職業としての小説家,「文章で生きていきたい」と思う人に、村上春樹が語る創作と仕事への姿勢を学べる貴重な内容です。,https://tinyurl.com/2d84lmvc
129,人生が整う！習慣化大全,散らかった日常を立て直したい人へ。心と時間を片づける習慣のつくり方を教えます。,https://tinyurl.com/2yugypv7
130,話し方で 損する人 得する人,「なぜか誤解されてしまう」人に、ちょっとした言い方で印象を変えるコミュニケーション術を紹介します。,https://tinyurl.com/28oclfr4
131,営業の魔法,「営業が苦手」と悩む人に、お客様の心をつかむためのストーリー形式の営業入門書です。,https://tinyurl.com/2bwzd5lb
132,うまくいっている人の考え方,「ネガティブ思考から抜け出せない」人に、自己肯定感を高めて前向きに生きる習慣を教えてくれます。,https://tinyurl.com/2cj22t2d
133,誰とでも会話が続く話し方 66のルール,「会話が苦手で沈黙が怖い」人に、話し上手でなくても続けられるコツを丁寧に解説します。,https://tinyurl.com/2debqyyd
134,「言葉にできる」は武器になる,「自分の気持ちをうまく伝えられない」人に、思考を言葉に変える技術を学べる一冊です。,https://tinyurl.com/2c96nab8
135,人を動かす,「相手に思いが届かない」と悩む人に、古典的名著から人間関係の本質を学べます。,https://tinyurl.com/2dll9gal
136,なぜか話しかけたくなる人、ならない人,「人に壁を感じさせてしまう」人に、第一印象と会話の入り口を整えるヒントが詰まっています。,https://tinyurl.com/2bvcgavx
137,あなたはあなたが使っている言葉でできている,「ネガティブな口ぐせが多い」と感じる人に、言葉の力で自分を変える習慣を教えてくれます。,https://tinyurl.com/226s88fc
138,40歳を過ぎたら、定時で帰りなさい。,「仕事に追われる毎日が苦しい」人に、働き方と人生のバランスを見直す提案をしてくれる一冊です。,https://tinyurl.com/2y3rtq4l
139,スタートアップの思考法,ビジネスの未来を切り開きたい人へ。挑戦と継続を支えるマインドセットを学べます。,https://tinyurl.com/26tahc8t
140,なぜかうまくいく人のすごい無意識,「がんばっているのに結果が出ない」人に、無意識を味方につける方法を心理学から学べます。,https://tinyurl.com/26lycc4n
141,人を動かす話し方,「話しても響かない」と感じる人に。印象に残り、信頼される言葉の使い方を身につけられます。,https://tinyurl.com/2c6llb26
142,自分でできる子に育つ ほめ方 叱り方,「子育てで迷ってばかり」な親に、自信を育てる声かけの方法を優しく教えてくれます。,https://tinyurl.com/2xqpeqc8
143,「すぐやる人」になる1分習慣,やる気が続かず後回しにしてしまう人へ。行動力を高める小さな習慣を身につけましょう。,https://tinyurl.com/28fbkclo
144,やりたいことを仕事にする思考法,やりがいのある仕事に就きたい人へ。好きなことを武器にするキャリアの築き方を紹介。,https://tinyurl.com/22unwvj6
145,一流の人はなぜ姿勢が美しいのか,「見た目の印象で損している」と感じる人に、姿勢が人生を変える理由をわかりやすく解説します。,https://tinyurl.com/25j4nqao
146,言い換え図鑑,「言葉の選び方が苦手」と感じる人に、言い回しを変えるだけで印象を上げるテクニックが詰まっています。,https://tinyurl.com/2a4kadou
147,自分の頭で考えて動く部下の育て方,「指示待ち社員に困っている」人に、自立型人材を育てるための具体策を提示します。,https://tinyurl.com/2945syt3
148,書く習慣,書けない・続かない悩みに。毎日書く力を身につけ、発信力・思考力も鍛えられます。,https://tinyurl.com/29eldvqt
149,シン・サラリーマン,「これからの時代をどう働くか」と悩む人に、令和型キャリア戦略を提示する挑戦的な一冊です。,https://tinyurl.com/2aad9tpf
150,すぐやる！ 行動力を高める“科学的な”方法,「行動に移せない」と悩む人に、脳科学と心理学から導く“やる気不要”の行動術を紹介します。,https://tinyurl.com/24tlx4c9
151,EQ こころの知能指数,「感情に振り回される」と悩む人に、心の知能を高めて人間関係と仕事を円滑にするヒントをくれます。,https://tinyurl.com/2dpszysu
152,99.9%は幸せの素人,「幸せになれない理由が分からない」人に、思い込みを解きほぐして心の満足を得る方法を教えます。,https://tinyurl.com/27zv9ct5
153,あした死ぬかもよ？,「毎日が惰性で過ぎている」と感じる人に、人生を本気で生きるヒントと勇気をくれる本です。,https://tinyurl.com/27hza44j
154,悩みすぎるあなたへ,決断が遅れてチャンスを逃すあなたへ。小さな決断を積み重ねる思考法を学べます。,https://tinyurl.com/2ykvrjzr
155,これも修行のうち。,「他人にイラッとする」人に、日常のストレスを心の成長に変える考え方を教えてくれます。,https://tinyurl.com/23b2raqw
156,やめる時間術,「やりたいことができない」と悩む人に、“やらないこと”を決めることで時間を生み出す方法を紹介します。,https://tinyurl.com/24tacwqu
157,バビロン大富豪の教え,「お金が貯まらない」と悩む人に、古代の知恵を元にした豊かになるための基本原則を学べます。,https://tinyurl.com/2ynnhdek
158,嫌われる勇気,「人に合わせすぎて疲れる」人に、他者の期待から自由になるための心理学的アプローチを伝えます。,https://tinyurl.com/24sf39lv
159,大丈夫じゃないのに大丈夫なふりをした,「心が限界なのに笑ってしまう」人に、本音を出せない自分を癒すエッセイ的な優しい本です。,https://tinyurl.com/25pthnxc
160,「いつも誰かに振り回される」が一瞬で変わる方法,「人間関係がしんどい」と悩む人に、他人軸から自分軸への切り替え方を教えてくれます。,https://tinyurl.com/27hb7n3b
161,ひとりをたのしむ,「ひとりの時間が不安」と感じる人に、孤独を味方につけて心を整えるヒントを教えてくれます。,https://tinyurl.com/27ml9w9b
162,心配事の9割は起こらない,「不安で夜眠れない」人に、過剰な心配を手放し心を軽くする思考法を伝えます。,https://tinyurl.com/24op2n8p
163,「繊細さん」の本,「すぐに疲れてしまう」と感じるHSPの人に、自分を守りながら生きる工夫を紹介します。,https://tinyurl.com/22lodo4n
164,今日がもっと楽しくなる行動最適化大全,「毎日がなんとなく過ぎていく」人に、小さな習慣で日常を豊かにする行動の工夫を教えます。,https://tinyurl.com/22mjne9m
165,すぐ不安になってしまうが一瞬で消える方法,「心配性が止まらない」人に、脳と感情の仕組みから不安を手放すテクニックを解説します。,https://tinyurl.com/2a65jopm
166,シンプル思考の技術,考えすぎて動けない人に。シンプルに考えて実行するための思考トレーニング。,https://tinyurl.com/22x8mcbo
167,人は話し方が9割,「話しても伝わらない」と悩む人に、伝える力と聞く姿勢の基本を学べるベストセラーです。,https://tinyurl.com/28e9otk7
168,自分の気持ちをきちんと伝える技術,「言いたいことが言えない」人に、感情を整理しながら冷静に伝える方法を教えてくれます。,https://tinyurl.com/25xw7wt6
169,人生がうまくいく人の自己肯定感,「すぐ自分を責めてしまう」人に、心を強く保つための自己認知のトレーニング法を伝授します。,https://tinyurl.com/28dp2bxk
170,なぜ僕らは働くのか 君が幸せになるために考えてほしい大切なこと,「働く意味がわからない」若者へ。仕事と人生の価値を見つめ直す一冊です。,https://tinyurl.com/2dmxlwl2
171,「気にしすぎて疲れる」がなくなる本,「人の評価が気になる」人に、思考のクセを変えて心を軽くする方法を教えてくれます。,https://tinyurl.com/27fy6ceo
172,心を整える。,「毎日が落ち着かない」人に、アスリートの視点から日常を整える習慣を学べます。,https://tinyurl.com/2xww4zxp
173,習慣を変えれば人生が変わる,自己肯定感を高めたいあなたへ。毎日の行動に変化をもたらす習慣の作り方を指南します。,https://tinyurl.com/2ddb46u2
174,これからの会社員の教科書,「将来が不安」なビジネスパーソンに、変化の時代に必要な思考法と働き方を提示します。,https://tinyurl.com/23auh8hq
175,誰でも最初は初心者,「うまくいかず落ち込む」人に、成功者たちのはじめの一歩から学ぶ勇気を届ける本です。,https://tinyurl.com/28bd8ljv
176,「すぐ決められる人」がうまくいく,決断が遅くて後悔しがちな人に。スピーディに動ける人の思考法と習慣を学べます。,https://tinyurl.com/28xe44ls
177,心に効く美容の魔法,「見た目に自信が持てない」人に、美しさと心の健康の関係を解き明かす一冊です。,https://tinyurl.com/26tqv784
178,凡人くんの人生革命,「何者でもない自分が不安」な人に、SNS時代に自分をブランド化するヒントを教えてくれます。,https://tinyurl.com/2d6cohat
179,ずるい考え方 ゼロから始めるラテラルシンキング入門,「発想力が足りない」と感じる人に、柔軟な思考で問題を解決する力を育てます。,https://tinyurl.com/2yc8waqm
180,決断力の磨き方,優柔不断で悩むあなたに。迷わず行動できる人になる“思考のフレーム”を伝授。,https://tinyurl.com/25pfpcm7
181,悩む力,「答えが見つからず苦しい」人に、哲学的に“悩むこと”の価値を問い直す一冊です。,https://tinyurl.com/2b2gpsys
182,なぜあなたの仕事は終わらないのか,「いつも締切に追われている」人に、時間管理の極意を教えてくれます。,https://tinyurl.com/28bok7x9
183,一瞬で集中する技術,集中力が続かないあなたに。短時間で成果を出すための脳の使い方を具体的に紹介。,https://tinyurl.com/22cjdbxm
184,7つの習慣 スティーブン・R・コヴィー,人生を変える原則を知りたい人に。仕事も人間関係も整う“信頼の習慣”が学べます。,https://tinyurl.com/2ctp38q8
185,人生は、運よりも実力よりも『勘違いさせる力』で決まっている,「実力はあるのに評価されない」と悩む人に、印象操作の重要性を学べる本です。,https://tinyurl.com/2cw8wnpb
186,人を操る禁断の文章術,「文章で思いを伝えたい」人に、行動を促す言葉の選び方を心理的に解説しています。,https://tinyurl.com/2auj3269
187,「後回し」にしない技術,つい後回しにしてしまうあなたへ。先延ばし癖を克服し、すぐに動ける人になる方法を解説。,https://tinyurl.com/2c3rqknx
188,最強の働き方,「キャリアに迷っている」人に、世界基準の仕事術と人生の描き方を示してくれます。,https://tinyurl.com/23pq84pk
189,小さな習慣,大きな変化に疲れたあなたに。1日2分の“続けられる変化”が人生を整えます。,https://tinyurl.com/2659dz5n
